scenario_id,text,score,d_unemp,d_gdp,d_ffr,mean_loss,sd_loss,VaR,ES
1,Central bank signals potential interest rate cuts due to slowing inflation.,-0.323592688776323,0.2706759967696756,0.3487547342956585,0.5692223631145905,10628308.60437347,235894.13930391223,11218053.266049745,11278718.819756642
2,Unemployment rate rises unexpectedly as job market weakens.,-0.1871346739674018,0.15653278384576708,0.20168596436404163,0.32918309044378186,10404022.403008116,230597.28424095627,10979592.922276668,11049344.253097322
3,GDP growth forecasts revised downward amid global demand slowdown.,0.10423660165219883,-0.08719092560090298,-0.11234187166145554,-0.18335953429563473,9915615.893424537,221227.3539117089,10499844.866217228,10553755.798822258
4,Energy prices surge following geopolitical tensions.,-0.11431690272810474,0.09562280813748675,0.12320600068934547,0.20109149486937916,10281677.536296971,226963.61381549787,10852664.67963635,10924494.595898034
5,Consumer confidence improves as financial conditions ease.,-0.04207532563915428,0.03519480229869792,0.04534703509271697,0.07401346544541502,10154726.353372859,227510.0867826062,10726509.732717741,10826556.259312332
6,Corporate bankruptcy filings increase as borrowing costs remain elevated.,-0.28671642861552704,0.2398300635259216,0.30901103562672555,0.5043544205447689,10566404.134622965,229939.37330046488,11144658.157688025,11198540.53626266
7,Manufacturing output contracts for third straight month.,0.02157680609432699,-0.018048379024796127,-0.02325458373250661,-0.03795512376970852,10057555.64208693,221780.48513319384,10648403.313246788,10722971.118939413
8,Stock markets rally as recession fears decline.,-0.2029709279332536,0.16977935577393452,0.21875361989416042,0.35704017812834316,10429821.84368648,235272.52788384815,11062710.25728831,11134537.790279256
